id,username,created_at
1,user_0001,2024-08-07 01:28:26.713716
2,user_0002,2024-04-04 01:28:26.713733
3,user_0003,2024-03-28 01:28:26.713736
4,user_0004,2024-10-11 01:28:26.713739
5,user_0005,2024-06-29 01:28:26.713741
6,user_0006,2025-05-16 01:28:26.713743
7,user_0007,2025-07-16 01:28:26.713745
8,user_0008,2024-12-20 01:28:26.713747
9,user_0009,2025-04-04 01:28:26.713749
10,user_0010,2024-04-26 01:28:26.713751
11,user_0011,2024-06-13 01:28:26.713753
12,user_0012,2024-09-28 01:28:26.713755
13,user_0013,2024-05-21 01:28:26.713757
14,user_0014,2024-08-12 01:28:26.713759
15,user_0015,2025-10-01 01:28:26.713761
16,user_0016,2024-09-24 01:28:26.713762
17,user_0017,2025-01-07 01:28:26.713764
18,user_0018,2024-10-11 01:28:26.713766
19,user_0019,2024-05-05 01:28:26.713768
20,user_0020,2024-02-19 01:28:26.713769
21,user_0021,2024-09-15 01:28:26.713771
22,user_0022,2024-07-19 01:28:26.713773
23,user_0023,2025-08-24 01:28:26.713775
24,user_0024,2025-01-16 01:28:26.713777
25,user_0025,2025-04-01 01:28:26.713778
26,user_0026,2025-04-01 01:28:26.713781
27,user_0027,2025-06-23 01:28:26.713782
28,user_0028,2025-05-28 01:28:26.713784
29,user_0029,2025-01-14 01:28:26.713790
30,user_0030,2024-11-25 01:28:26.713792
31,user_0031,2024-05-18 01:28:26.713794
32,user_0032,2024-10-22 01:28:26.713796
33,user_0033,2024-10-17 01:28:26.713797
34,user_0034,2025-02-12 01:28:26.713799
35,user_0035,2025-10-22 01:28:26.713801
36,user_0036,2024-12-12 01:28:26.713803
37,user_0037,2025-11-08 01:28:26.713805
38,user_0038,2026-01-01 01:28:26.713807
39,user_0039,2024-06-09 01:28:26.713808
40,user_0040,2025-03-07 01:28:26.713810
41,user_0041,2025-05-22 01:28:26.713812
42,user_0042,2024-12-12 01:28:26.713814
43,user_0043,2025-03-25 01:28:26.713816
44,user_0044,2025-12-09 01:28:26.713818
45,user_0045,2024-04-14 01:28:26.713819
46,user_0046,2025-03-12 01:28:26.713821
47,user_0047,2025-12-25 01:28:26.713823
48,user_0048,2025-11-12 01:28:26.713825
49,user_0049,2025-02-17 01:28:26.713826
50,user_0050,2024-06-14 01:28:26.713828
51,user_0051,2025-05-16 01:28:26.713830
52,user_0052,2024-09-21 01:28:26.713831
53,user_0053,2025-03-05 01:28:26.713833
54,user_0054,2025-12-03 01:28:26.713835
55,user_0055,2024-06-22 01:28:26.713837
56,user_0056,2025-10-26 01:28:26.713839
57,user_0057,2025-12-30 01:28:26.713840
58,user_0058,2024-04-06 01:28:26.713842
59,user_0059,2024-07-24 01:28:26.713844
60,user_0060,2024-08-28 01:28:26.713846
61,user_0061,2025-02-14 01:28:26.713848
62,user_0062,2025-11-28 01:28:26.713850
63,user_0063,2025-04-02 01:28:26.713852
64,user_0064,2025-09-23 01:28:26.713854
65,user_0065,2025-06-16 01:28:26.713856
66,user_0066,2024-02-06 01:28:26.713859
67,user_0067,2024-11-25 01:28:26.713861
68,user_0068,2024-10-28 01:28:26.713863
69,user_0069,2024-03-04 01:28:26.713865
70,user_0070,2024-03-15 01:28:26.713866
71,user_0071,2025-01-08 01:28:26.713868
72,user_0072,2024-12-14 01:28:26.713870
73,user_0073,2025-07-04 01:28:26.713872
74,user_0074,2024-10-17 01:28:26.713873
75,user_0075,2024-10-18 01:28:26.713875
76,user_0076,2024-04-11 01:28:26.713877
77,user_0077,2025-10-24 01:28:26.713878
78,user_0078,2024-11-14 01:28:26.713882
79,user_0079,2024-08-13 01:28:26.713883
80,user_0080,2024-06-29 01:28:26.713885
81,user_0081,2025-08-09 01:28:26.713887
82,user_0082,2025-02-26 01:28:26.713889
83,user_0083,2025-01-05 01:28:26.713891
84,user_0084,2025-01-13 01:28:26.713892
85,user_0085,2025-02-26 01:28:26.713894
86,user_0086,2024-02-05 01:28:26.713896
87,user_0087,2024-06-10 01:28:26.713898
88,user_0088,2025-02-28 01:28:26.713899
89,user_0089,2025-01-05 01:28:26.713901
90,user_0090,2025-02-28 01:28:26.713903
91,user_0091,2024-08-13 01:28:26.713905
92,user_0092,2024-07-18 01:28:26.713906
93,user_0093,2025-04-22 01:28:26.713908
94,user_0094,2025-05-13 01:28:26.713911
95,user_0095,2024-01-29 01:28:26.713912
96,user_0096,2025-04-01 01:28:26.713914
97,user_0097,2025-02-02 01:28:26.713916
98,user_0098,2025-01-13 01:28:26.713918
99,user_0099,2024-10-28 01:28:26.713919
100,user_0100,2024-09-06 01:28:26.713921
101,user_0101,2024-02-01 01:28:26.713923
102,user_0102,2024-06-02 01:28:26.713925
103,user_0103,2025-05-31 01:28:26.713926
104,user_0104,2025-07-04 01:28:26.713928
105,user_0105,2025-01-03 01:28:26.713930
106,user_0106,2024-03-14 01:28:26.713932
107,user_0107,2025-05-20 01:28:26.713933
108,user_0108,2025-10-03 01:28:26.713935
109,user_0109,2025-02-12 01:28:26.713937
110,user_0110,2024-10-18 01:28:26.713939
111,user_0111,2024-01-17 01:28:26.713941
112,user_0112,2024-07-01 01:28:26.713943
113,user_0113,2025-07-20 01:28:26.713945
114,user_0114,2025-04-29 01:28:26.713946
115,user_0115,2024-10-31 01:28:26.713948
116,user_0116,2024-06-01 01:28:26.713950
117,user_0117,2025-07-20 01:28:26.713952
118,user_0118,2024-11-05 01:28:26.713953
119,user_0119,2025-09-21 01:28:26.713955
120,user_0120,2025-06-08 01:28:26.713957
121,user_0121,2025-11-11 01:28:26.713958
122,user_0122,2025-04-03 01:28:26.713960
123,user_0123,2025-08-24 01:28:26.713962
124,user_0124,2025-09-09 01:28:26.713964
125,user_0125,2024-07-09 01:28:26.713965
126,user_0126,2024-08-11 01:28:26.713967
127,user_0127,2024-10-25 01:28:26.713969
128,user_0128,2025-04-25 01:28:26.713971
129,user_0129,2025-06-11 01:28:26.713972
130,user_0130,2024-11-28 01:28:26.713975
131,user_0131,2025-01-10 01:28:26.713977
132,user_0132,2024-06-23 01:28:26.713978
133,user_0133,2024-05-19 01:28:26.713980
134,user_0134,2025-04-07 01:28:26.713982
135,user_0135,2025-04-25 01:28:26.713984
136,user_0136,2025-10-01 01:28:26.713986
137,user_0137,2024-05-07 01:28:26.713988
138,user_0138,2024-09-17 01:28:26.713989
139,user_0139,2025-11-01 01:28:26.713991
140,user_0140,2024-01-13 01:28:26.713993
141,user_0141,2025-02-09 01:28:26.713995
142,user_0142,2024-01-23 01:28:26.713997
143,user_0143,2024-04-15 01:28:26.713998
144,user_0144,2024-08-20 01:28:26.714000
145,user_0145,2025-12-29 01:28:26.714002
146,user_0146,2024-08-06 01:28:26.714004
147,user_0147,2025-04-26 01:28:26.714005
148,user_0148,2024-11-28 01:28:26.714007
149,user_0149,2025-07-11 01:28:26.714009
150,user_0150,2024-01-11 01:28:26.714012
151,user_0151,2024-01-24 01:28:26.714013
152,user_0152,2025-05-25 01:28:26.714015
153,user_0153,2024-10-03 01:28:26.714017
154,user_0154,2025-04-09 01:28:26.714019
155,user_0155,2025-12-25 01:28:26.714020
156,user_0156,2025-01-28 01:28:26.714022
157,user_0157,2024-07-12 01:28:26.714024
158,user_0158,2024-04-29 01:28:26.714026
159,user_0159,2025-12-13 01:28:26.714027
160,user_0160,2025-10-06 01:28:26.714029
161,user_0161,2024-04-07 01:28:26.714031
162,user_0162,2024-07-09 01:28:26.714032
163,user_0163,2024-10-05 01:28:26.714034
164,user_0164,2024-05-10 01:28:26.714036
165,user_0165,2024-11-01 01:28:26.714038
166,user_0166,2025-07-11 01:28:26.714039
167,user_0167,2024-12-03 01:28:26.714041
168,user_0168,2025-06-09 01:28:26.714043
169,user_0169,2024-01-06 01:28:26.714045
170,user_0170,2024-10-16 01:28:26.714047
171,user_0171,2024-01-09 01:28:26.714048
172,user_0172,2025-02-13 01:28:26.714050
173,user_0173,2024-02-10 01:28:26.714052
174,user_0174,2024-04-30 01:28:26.714054
175,user_0175,2025-04-02 01:28:26.714056
176,user_0176,2024-04-05 01:28:26.714058
177,user_0177,2024-01-18 01:28:26.714060
178,user_0178,2025-06-04 01:28:26.714062
179,user_0179,2024-07-12 01:28:26.714063
180,user_0180,2025-08-24 01:28:26.714065
181,user_0181,2025-04-30 01:28:26.714067
182,user_0182,2024-05-25 01:28:26.714069
183,user_0183,2025-09-01 01:28:26.714073
184,user_0184,2024-11-15 01:28:26.714076
185,user_0185,2025-10-11 01:28:26.714081
186,user_0186,2025-07-18 01:28:26.714085
187,user_0187,2025-11-15 01:28:26.714089
188,user_0188,2025-08-13 01:28:26.714093
189,user_0189,2025-03-08 01:28:26.714097
190,user_0190,2024-02-09 01:28:26.714102
191,user_0191,2025-04-25 01:28:26.714105
192,user_0192,2024-07-26 01:28:26.714109
193,user_0193,2024-06-09 01:28:26.714113
194,user_0194,2024-10-17 01:28:26.714117
195,user_0195,2024-01-24 01:28:26.714121
196,user_0196,2024-01-14 01:28:26.714125
197,user_0197,2025-09-17 01:28:26.714129
198,user_0198,2024-08-23 01:28:26.714133
199,user_0199,2025-05-06 01:28:26.714137
200,user_0200,2024-09-08 01:28:26.714140
201,user_0201,2024-02-16 01:28:26.714144
202,user_0202,2025-05-17 01:28:26.714150
203,user_0203,2024-12-25 01:28:26.714154
204,user_0204,2025-01-03 01:28:26.714158
205,user_0205,2024-06-23 01:28:26.714162
206,user_0206,2025-12-10 01:28:26.714166
207,user_0207,2024-02-09 01:28:26.714170
208,user_0208,2025-06-28 01:28:26.714174
209,user_0209,2025-02-22 01:28:26.714178
210,user_0210,2025-05-13 01:28:26.714182
211,user_0211,2024-08-16 01:28:26.714186
212,user_0212,2025-06-10 01:28:26.714190
213,user_0213,2024-11-27 01:28:26.714194
214,user_0214,2024-08-15 01:28:26.714198
215,user_0215,2024-07-09 01:28:26.714201
216,user_0216,2025-12-22 01:28:26.714205
217,user_0217,2024-06-18 01:28:26.714209
218,user_0218,2024-07-28 01:28:26.714213
219,user_0219,2024-05-21 01:28:26.714217
220,user_0220,2024-05-15 01:28:26.714221
221,user_0221,2025-09-28 01:28:26.714225
222,user_0222,2024-04-24 01:28:26.714228
223,user_0223,2024-11-10 01:28:26.714232
224,user_0224,2024-02-25 01:28:26.714236
225,user_0225,2024-08-11 01:28:26.714240
226,user_0226,2024-12-01 01:28:26.714244
227,user_0227,2024-01-12 01:28:26.714248
228,user_0228,2025-12-02 01:28:26.714252
229,user_0229,2024-04-16 01:28:26.714256
230,user_0230,2025-07-23 01:28:26.714260
231,user_0231,2025-09-24 01:28:26.714264
232,user_0232,2025-12-07 01:28:26.714268
233,user_0233,2024-09-23 01:28:26.714272
234,user_0234,2025-06-03 01:28:26.714277
235,user_0235,2024-12-07 01:28:26.714281
236,user_0236,2025-11-10 01:28:26.714285
237,user_0237,2024-07-06 01:28:26.714289
238,user_0238,2024-05-28 01:28:26.714292
239,user_0239,2025-08-21 01:28:26.714296
240,user_0240,2024-06-19 01:28:26.714300
241,user_0241,2025-10-15 01:28:26.714304
242,user_0242,2025-05-08 01:28:26.714308
243,user_0243,2024-04-19 01:28:26.714311
244,user_0244,2024-05-13 01:28:26.714315
245,user_0245,2024-05-31 01:28:26.714320
246,user_0246,2024-07-28 01:28:26.714323
247,user_0247,2024-05-13 01:28:26.714327
248,user_0248,2024-04-23 01:28:26.714332
249,user_0249,2025-07-05 01:28:26.714336
250,user_0250,2025-11-28 01:28:26.714339
251,user_0251,2024-09-03 01:28:26.714343
252,user_0252,2024-02-27 01:28:26.714347
253,user_0253,2024-01-28 01:28:26.714351
254,user_0254,2025-01-26 01:28:26.714355
255,user_0255,2024-02-18 01:28:26.714359
256,user_0256,2024-08-23 01:28:26.714362
257,user_0257,2025-02-09 01:28:26.714367
258,user_0258,2025-08-04 01:28:26.714372
259,user_0259,2025-11-22 01:28:26.714376
260,user_0260,2024-05-12 01:28:26.714381
261,user_0261,2024-02-08 01:28:26.714385
262,user_0262,2025-05-16 01:28:26.714390
263,user_0263,2025-11-14 01:28:26.714394
264,user_0264,2024-08-06 01:28:26.714398
265,user_0265,2025-09-04 01:28:26.714402
266,user_0266,2024-06-22 01:28:26.714406
267,user_0267,2024-12-22 01:28:26.714410
268,user_0268,2024-03-11 01:28:26.714414
269,user_0269,2024-01-12 01:28:26.714417
270,user_0270,2024-05-13 01:28:26.714422
271,user_0271,2025-07-20 01:28:26.714426
272,user_0272,2024-05-06 01:28:26.714430
273,user_0273,2025-08-22 01:28:26.714434
274,user_0274,2024-01-15 01:28:26.714438
275,user_0275,2024-03-31 01:28:26.714442
276,user_0276,2025-11-29 01:28:26.714446
277,user_0277,2024-01-23 01:28:26.714450
278,user_0278,2025-12-18 01:28:26.714454
279,user_0279,2025-01-18 01:28:26.714458
280,user_0280,2024-12-09 01:28:26.714462
281,user_0281,2025-12-23 01:28:26.714466
282,user_0282,2024-07-12 01:28:26.714469
283,user_0283,2024-09-14 01:28:26.714473
284,user_0284,2024-05-09 01:28:26.714477
285,user_0285,2024-04-02 01:28:26.714481
286,user_0286,2025-11-14 01:28:26.714485
287,user_0287,2025-08-25 01:28:26.714488
288,user_0288,2024-07-10 01:28:26.714492
289,user_0289,2024-04-28 01:28:26.714496
290,user_0290,2024-07-15 01:28:26.714500
291,user_0291,2024-05-30 01:28:26.714504
292,user_0292,2024-02-25 01:28:26.714508
293,user_0293,2024-11-08 01:28:26.714512
294,user_0294,2025-08-24 01:28:26.714516
295,user_0295,2025-02-08 01:28:26.714520
296,user_0296,2025-12-11 01:28:26.714524
297,user_0297,2024-05-19 01:28:26.714527
298,user_0298,2024-05-25 01:28:26.714531
299,user_0299,2025-07-24 01:28:26.714535
300,user_0300,2025-07-20 01:28:26.714539
301,user_0301,2024-11-23 01:28:26.714543
302,user_0302,2024-10-31 01:28:26.714547
303,user_0303,2024-03-06 01:28:26.714551
304,user_0304,2025-04-19 01:28:26.714555
305,user_0305,2024-11-01 01:28:26.714559
306,user_0306,2024-07-23 01:28:26.714563
307,user_0307,2024-12-10 01:28:26.714567
308,user_0308,2025-05-07 01:28:26.714570
309,user_0309,2025-04-26 01:28:26.714574
310,user_0310,2025-10-11 01:28:26.714579
311,user_0311,2024-03-14 01:28:26.714583
312,user_0312,2024-05-09 01:28:26.714587
313,user_0313,2025-05-17 01:28:26.714591
314,user_0314,2025-07-16 01:28:26.714595
315,user_0315,2025-10-28 01:28:26.714599
316,user_0316,2024-08-21 01:28:26.714603
317,user_0317,2024-05-02 01:28:26.714607
318,user_0318,2025-07-31 01:28:26.714611
319,user_0319,2025-05-03 01:28:26.714615
320,user_0320,2025-11-02 01:28:26.714619
321,user_0321,2024-09-08 01:28:26.714622
322,user_0322,2024-04-05 01:28:26.714627
323,user_0323,2025-02-04 01:28:26.714630
324,user_0324,2025-08-23 01:28:26.714634
325,user_0325,2024-06-18 01:28:26.714638
326,user_0326,2025-02-17 01:28:26.714642
327,user_0327,2024-04-04 01:28:26.714646
328,user_0328,2025-07-24 01:28:26.714650
329,user_0329,2024-09-14 01:28:26.714654
330,user_0330,2024-10-20 01:28:26.714657
331,user_0331,2024-03-29 01:28:26.714661
332,user_0332,2024-10-13 01:28:26.714665
333,user_0333,2025-04-15 01:28:26.714671
334,user_0334,2024-02-29 01:28:26.714674
335,user_0335,2025-03-21 01:28:26.714678
336,user_0336,2024-06-01 01:28:26.714682
337,user_0337,2025-09-15 01:28:26.714686
338,user_0338,2025-09-30 01:28:26.714690
339,user_0339,2025-02-13 01:28:26.714694
340,user_0340,2024-05-23 01:28:26.714698
341,user_0341,2025-11-07 01:28:26.714702
342,user_0342,2025-07-06 01:28:26.714706
343,user_0343,2025-02-25 01:28:26.714710
344,user_0344,2024-12-14 01:28:26.714714
345,user_0345,2025-06-08 01:28:26.714718
346,user_0346,2024-11-20 01:28:26.714722
347,user_0347,2024-01-26 01:28:26.714726
348,user_0348,2025-04-18 01:28:26.714730
349,user_0349,2025-01-22 01:28:26.714733
350,user_0350,2024-10-10 01:28:26.714738
351,user_0351,2024-02-23 01:28:26.714742
352,user_0352,2024-07-13 01:28:26.714746
353,user_0353,2024-09-25 01:28:26.714750
354,user_0354,2024-02-05 01:28:26.714755
355,user_0355,2025-08-07 01:28:26.714759
356,user_0356,2024-12-20 01:28:26.714762
357,user_0357,2024-04-03 01:28:26.714766
358,user_0358,2024-04-25 01:28:26.714770
359,user_0359,2024-08-27 01:28:26.714774
360,user_0360,2025-08-21 01:28:26.714778
361,user_0361,2024-06-09 01:28:26.714782
362,user_0362,2024-08-09 01:28:26.714786
363,user_0363,2025-09-23 01:28:26.714789
364,user_0364,2025-12-23 01:28:26.714793
365,user_0365,2025-08-24 01:28:26.714797
366,user_0366,2024-07-02 01:28:26.714801
367,user_0367,2025-04-18 01:28:26.714805
368,user_0368,2024-07-22 01:28:26.714809
369,user_0369,2024-11-09 01:28:26.714813
370,user_0370,2025-09-13 01:28:26.714816
371,user_0371,2024-02-15 01:28:26.714820
372,user_0372,2024-07-12 01:28:26.714824
373,user_0373,2025-09-03 01:28:26.714828
374,user_0374,2025-03-14 01:28:26.714832
375,user_0375,2024-10-12 01:28:26.714836
376,user_0376,2025-03-25 01:28:26.714840
377,user_0377,2025-07-31 01:28:26.714844
378,user_0378,2025-11-25 01:28:26.714848
379,user_0379,2025-05-30 01:28:26.714852
380,user_0380,2024-09-23 01:28:26.714855
381,user_0381,2024-11-18 01:28:26.714859
382,user_0382,2024-06-17 01:28:26.714863
383,user_0383,2025-09-29 01:28:26.714867
384,user_0384,2024-09-21 01:28:26.714871
385,user_0385,2025-08-21 01:28:26.714875
386,user_0386,2025-09-30 01:28:26.714879
387,user_0387,2024-06-06 01:28:26.714883
388,user_0388,2024-10-03 01:28:26.714886
389,user_0389,2025-03-14 01:28:26.714890
390,user_0390,2024-12-03 01:28:26.714894
391,user_0391,2025-05-16 01:28:26.714898
392,user_0392,2025-11-26 01:28:26.714902
393,user_0393,2024-05-05 01:28:26.714908
394,user_0394,2025-04-08 01:28:26.714914
395,user_0395,2024-08-01 01:28:26.714920
396,user_0396,2024-01-16 01:28:26.714925
397,user_0397,2024-01-31 01:28:26.714931
398,user_0398,2024-06-18 01:28:26.714937
399,user_0399,2025-11-20 01:28:26.714942
400,user_0400,2025-06-23 01:28:26.714948
401,user_0401,2024-12-17 01:28:26.714954
402,user_0402,2025-06-05 01:28:26.714962
403,user_0403,2024-03-27 01:28:26.714968
404,user_0404,2024-06-23 01:28:26.714980
405,user_0405,2024-06-25 01:28:26.714995
406,user_0406,2024-10-16 01:28:26.715001
407,user_0407,2025-12-23 01:28:26.715007
408,user_0408,2024-04-17 01:28:26.715013
409,user_0409,2025-04-22 01:28:26.715018
410,user_0410,2025-01-18 01:28:26.715023
411,user_0411,2024-04-02 01:28:26.715029
412,user_0412,2024-12-05 01:28:26.715034
413,user_0413,2024-01-08 01:28:26.715040
414,user_0414,2024-08-18 01:28:26.715046
415,user_0415,2025-06-23 01:28:26.715051
416,user_0416,2024-05-06 01:28:26.715057
417,user_0417,2024-06-17 01:28:26.715063
418,user_0418,2025-09-23 01:28:26.715069
419,user_0419,2025-09-06 01:28:26.715075
420,user_0420,2025-12-12 01:28:26.715078
421,user_0421,2024-10-11 01:28:26.715081
422,user_0422,2025-07-23 01:28:26.715084
423,user_0423,2025-08-31 01:28:26.715087
424,user_0424,2024-01-13 01:28:26.715090
425,user_0425,2024-12-24 01:28:26.715093
426,user_0426,2024-12-30 01:28:26.715096
427,user_0427,2024-06-08 01:28:26.715098
428,user_0428,2025-07-16 01:28:26.715101
429,user_0429,2024-07-11 01:28:26.715104
430,user_0430,2024-12-03 01:28:26.715108
431,user_0431,2025-11-17 01:28:26.715110
432,user_0432,2024-06-23 01:28:26.715112
433,user_0433,2025-02-08 01:28:26.715115
434,user_0434,2025-04-02 01:28:26.715117
435,user_0435,2025-11-03 01:28:26.715119
436,user_0436,2024-07-05 01:28:26.715122
437,user_0437,2025-04-23 01:28:26.715124
438,user_0438,2025-08-12 01:28:26.715129
439,user_0439,2025-12-20 01:28:26.715135
440,user_0440,2025-09-06 01:28:26.715137
441,user_0441,2024-08-22 01:28:26.715140
442,user_0442,2025-04-10 01:28:26.715143
443,user_0443,2025-06-08 01:28:26.715146
444,user_0444,2024-07-17 01:28:26.715148
445,user_0445,2025-11-09 01:28:26.715151
446,user_0446,2025-11-13 01:28:26.715153
447,user_0447,2024-05-16 01:28:26.715155
448,user_0448,2025-06-15 01:28:26.715158
449,user_0449,2025-04-28 01:28:26.715160
450,user_0450,2025-09-12 01:28:26.715163
451,user_0451,2025-08-23 01:28:26.715166
452,user_0452,2024-05-23 01:28:26.715168
453,user_0453,2024-08-02 01:28:26.715170
454,user_0454,2025-05-13 01:28:26.715172
455,user_0455,2024-11-04 01:28:26.715174
456,user_0456,2025-03-01 01:28:26.715176
457,user_0457,2025-05-07 01:28:26.715178
458,user_0458,2024-03-30 01:28:26.715182
459,user_0459,2025-12-26 01:28:26.715184
460,user_0460,2025-03-04 01:28:26.715186
461,user_0461,2024-10-03 01:28:26.715187
462,user_0462,2024-11-28 01:28:26.715189
463,user_0463,2025-02-22 01:28:26.715191
464,user_0464,2024-02-03 01:28:26.715193
465,user_0465,2025-10-30 01:28:26.715194
466,user_0466,2024-10-09 01:28:26.715196
467,user_0467,2025-06-04 01:28:26.715198
468,user_0468,2025-01-12 01:28:26.715200
469,user_0469,2024-10-30 01:28:26.715201
470,user_0470,2025-03-23 01:28:26.715203
471,user_0471,2024-03-29 01:28:26.715205
472,user_0472,2024-06-22 01:28:26.715206
473,user_0473,2024-02-15 01:28:26.715208
474,user_0474,2024-02-26 01:28:26.715210
475,user_0475,2024-03-24 01:28:26.715212
476,user_0476,2025-01-31 01:28:26.715214
477,user_0477,2025-10-29 01:28:26.715215
478,user_0478,2024-03-13 01:28:26.715217
479,user_0479,2025-12-26 01:28:26.715219
480,user_0480,2024-09-28 01:28:26.715221
481,user_0481,2025-05-22 01:28:26.715222
482,user_0482,2025-05-30 01:28:26.715224
483,user_0483,2025-03-26 01:28:26.715226
484,user_0484,2024-01-29 01:28:26.715227
485,user_0485,2025-04-17 01:28:26.715229
486,user_0486,2025-10-24 01:28:26.715231
487,user_0487,2025-10-25 01:28:26.715232
488,user_0488,2024-07-23 01:28:26.715234
489,user_0489,2024-12-19 01:28:26.715236
490,user_0490,2024-10-24 01:28:26.715237
491,user_0491,2025-09-30 01:28:26.715239
492,user_0492,2024-12-07 01:28:26.715241
493,user_0493,2024-11-16 01:28:26.715242
494,user_0494,2024-02-20 01:28:26.715244
495,user_0495,2024-10-01 01:28:26.715246
496,user_0496,2024-01-18 01:28:26.715247
497,user_0497,2025-12-24 01:28:26.715249
498,user_0498,2025-02-11 01:28:26.715251
499,user_0499,2024-08-14 01:28:26.715252
500,user_0500,2024-01-09 01:28:26.715254
